,lat,long,type,local,result
0,37.8733,112.5425,simple,./extra/cities/city-simple(37.8733_112.5425).png,city
1,37.8733,112.5425,satelite,./extra/cities/city-satelite(37.8733_112.5425).png,city
2,48.8381,-1.5869,simple,./extra/cities/city-simple(48.8381_-1.5869).png,city
3,48.8381,-1.5869,satelite,./extra/cities/city-satelite(48.8381_-1.5869).png,city
4,53.5667,10.1667,simple,./extra/cities/city-simple(53.5667_10.1667).png,city
5,53.5667,10.1667,satelite,./extra/cities/city-satelite(53.5667_10.1667).png,city
6,43.7667,10.8833,simple,./extra/cities/city-simple(43.7667_10.8833).png,city
7,43.7667,10.8833,satelite,./extra/cities/city-satelite(43.7667_10.8833).png,city
8,47.6553,24.6631,simple,./extra/cities/city-simple(47.6553_24.6631).png,city
9,47.6553,24.6631,satelite,./extra/cities/city-satelite(47.6553_24.6631).png,city
10,32.2723,35.8914,simple,./extra/cities/city-simple(32.2723_35.8914).png,city
11,32.2723,35.8914,satelite,./extra/cities/city-satelite(32.2723_35.8914).png,city
12,12.9647,-86.815,simple,./extra/cities/city-simple(12.9647_-86.815).png,city
13,12.9647,-86.815,satelite,./extra/cities/city-satelite(12.9647_-86.815).png,city
14,-34.6625,-58.3678,simple,./extra/cities/city-simple(-34.6625_-58.3678).png,city
15,-34.6625,-58.3678,satelite,./extra/cities/city-satelite(-34.6625_-58.3678).png,city
16,30.4053,71.8681,simple,./extra/cities/city-simple(30.4053_71.8681).png,city
17,30.4053,71.8681,satelite,./extra/cities/city-satelite(30.4053_71.8681).png,city
18,15.7167,-91.5333,simple,./extra/cities/city-simple(15.7167_-91.5333).png,city
19,15.7167,-91.5333,satelite,./extra/cities/city-satelite(15.7167_-91.5333).png,city
20,40.8667,14.55,simple,./extra/cities/city-simple(40.8667_14.55).png,city
21,40.8667,14.55,satelite,./extra/cities/city-satelite(40.8667_14.55).png,city
22,-14.145,-40.2428,simple,./extra/cities/city-simple(-14.145_-40.2428).png,city
23,-14.145,-40.2428,satelite,./extra/cities/city-satelite(-14.145_-40.2428).png,city
24,36.9617,140.0461,simple,./extra/cities/city-simple(36.9617_140.0461).png,city
25,36.9617,140.0461,satelite,./extra/cities/city-satelite(36.9617_140.0461).png,city
26,38.8192,-94.5335,simple,./extra/cities/city-simple(38.8192_-94.5335).png,city
27,38.8192,-94.5335,satelite,./extra/cities/city-satelite(38.8192_-94.5335).png,city
28,37.5952,-120.962,simple,./extra/cities/city-simple(37.5952_-120.962).png,city
29,37.5952,-120.962,satelite,./extra/cities/city-satelite(37.5952_-120.962).png,city
30,51.7067,10.0011,simple,./extra/cities/city-simple(51.7067_10.0011).png,city
31,51.7067,10.0011,satelite,./extra/cities/city-satelite(51.7067_10.0011).png,city
32,41.3528,-8.7444,simple,./extra/cities/city-simple(41.3528_-8.7444).png,city
33,41.3528,-8.7444,satelite,./extra/cities/city-satelite(41.3528_-8.7444).png,city
34,15.6591,79.7509,simple,./extra/cities/city-simple(15.6591_79.7509).png,city
35,15.6591,79.7509,satelite,./extra/cities/city-satelite(15.6591_79.7509).png,city
36,48.5333,2.6289,simple,./extra/cities/city-simple(48.5333_2.6289).png,city
37,48.5333,2.6289,satelite,./extra/cities/city-satelite(48.5333_2.6289).png,city
38,26.3019,86.4778,simple,./extra/cities/city-simple(26.3019_86.4778).png,city
39,26.3019,86.4778,satelite,./extra/cities/city-satelite(26.3019_86.4778).png,city
40,-6.4008,-48.555,simple,./extra/cities/city-simple(-6.4008_-48.555).png,city
41,-6.4008,-48.555,satelite,./extra/cities/city-satelite(-6.4008_-48.555).png,city
42,42.4619,-83.0977,simple,./extra/cities/city-simple(42.4619_-83.0977).png,city
43,42.4619,-83.0977,satelite,./extra/cities/city-satelite(42.4619_-83.0977).png,city
44,-4.4565,30.2614,simple,./extra/cities/city-simple(-4.4565_30.2614).png,city
45,-4.4565,30.2614,satelite,./extra/cities/city-satelite(-4.4565_30.2614).png,city
46,23.26,76.1457,simple,./extra/cities/city-simple(23.26_76.1457).png,city
47,23.26,76.1457,satelite,./extra/cities/city-satelite(23.26_76.1457).png,city
48,18.6162,79.3832,simple,./extra/cities/city-simple(18.6162_79.3832).png,city
49,18.6162,79.3832,satelite,./extra/cities/city-satelite(18.6162_79.3832).png,city
50,25.15,73.07,simple,./extra/cities/city-simple(25.15_73.07).png,city
51,25.15,73.07,satelite,./extra/cities/city-satelite(25.15_73.07).png,city
52,33.9667,10.0,simple,./extra/cities/city-simple(33.9667_10.0).png,city
53,33.9667,10.0,satelite,./extra/cities/city-satelite(33.9667_10.0).png,city
54,41.06,72.73,simple,./extra/cities/city-simple(41.06_72.73).png,city
55,41.06,72.73,satelite,./extra/cities/city-satelite(41.06_72.73).png,city
56,52.932,-1.127,simple,./extra/cities/city-simple(52.932_-1.127).png,city
57,52.932,-1.127,satelite,./extra/cities/city-satelite(52.932_-1.127).png,city
58,23.7789,120.3331,simple,./extra/cities/city-simple(23.7789_120.3331).png,city
59,23.7789,120.3331,satelite,./extra/cities/city-satelite(23.7789_120.3331).png,city
60,25.9081,85.6836,simple,./extra/cities/city-simple(25.9081_85.6836).png,city
61,25.9081,85.6836,satelite,./extra/cities/city-satelite(25.9081_85.6836).png,city
62,47.995,7.85,simple,./extra/cities/city-simple(47.995_7.85).png,city
63,47.995,7.85,satelite,./extra/cities/city-satelite(47.995_7.85).png,city
64,43.1581,44.1569,simple,./extra/cities/city-simple(43.1581_44.1569).png,city
65,43.1581,44.1569,satelite,./extra/cities/city-satelite(43.1581_44.1569).png,city
66,54.8679,-1.3698,simple,./extra/cities/city-simple(54.8679_-1.3698).png,city
67,54.8679,-1.3698,satelite,./extra/cities/city-satelite(54.8679_-1.3698).png,city
68,26.1056,87.4916,simple,./extra/cities/city-simple(26.1056_87.4916).png,city
69,26.1056,87.4916,satelite,./extra/cities/city-satelite(26.1056_87.4916).png,city
70,14.5967,-90.7547,simple,./extra/cities/city-simple(14.5967_-90.7547).png,city
71,14.5967,-90.7547,satelite,./extra/cities/city-satelite(14.5967_-90.7547).png,city
72,42.9633,93.1714,simple,./extra/cities/city-simple(42.9633_93.1714).png,city
73,42.9633,93.1714,satelite,./extra/cities/city-satelite(42.9633_93.1714).png,city
74,18.1453,100.1419,simple,./extra/cities/city-simple(18.1453_100.1419).png,city
75,18.1453,100.1419,satelite,./extra/cities/city-satelite(18.1453_100.1419).png,city
76,59.5667,150.8,simple,./extra/cities/city-simple(59.5667_150.8).png,city
77,59.5667,150.8,satelite,./extra/cities/city-satelite(59.5667_150.8).png,city
78,37.1318,-76.3568,simple,./extra/cities/city-simple(37.1318_-76.3568).png,city
79,37.1318,-76.3568,satelite,./extra/cities/city-satelite(37.1318_-76.3568).png,city
80,18.6833,-72.05,simple,./extra/cities/city-simple(18.6833_-72.05).png,city
81,18.6833,-72.05,satelite,./extra/cities/city-satelite(18.6833_-72.05).png,city
82,19.0,-98.7167,simple,./extra/cities/city-simple(19.0_-98.7167).png,city
83,19.0,-98.7167,satelite,./extra/cities/city-satelite(19.0_-98.7167).png,city
84,41.3111,69.2797,simple,./extra/cities/city-simple(41.3111_69.2797).png,city
85,41.3111,69.2797,satelite,./extra/cities/city-satelite(41.3111_69.2797).png,city
86,28.6021,-81.3958,simple,./extra/cities/city-simple(28.6021_-81.3958).png,city
87,28.6021,-81.3958,satelite,./extra/cities/city-satelite(28.6021_-81.3958).png,city
88,43.6667,6.9167,simple,./extra/cities/city-simple(43.6667_6.9167).png,city
89,43.6667,6.9167,satelite,./extra/cities/city-satelite(43.6667_6.9167).png,city
90,37.7306,48.9536,simple,./extra/cities/city-simple(37.7306_48.9536).png,city
91,37.7306,48.9536,satelite,./extra/cities/city-satelite(37.7306_48.9536).png,city
92,39.7862,-77.7221,simple,./extra/cities/city-simple(39.7862_-77.7221).png,city
93,39.7862,-77.7221,satelite,./extra/cities/city-satelite(39.7862_-77.7221).png,city
94,5.3631,100.4667,simple,./extra/cities/city-simple(5.3631_100.4667).png,city
95,5.3631,100.4667,satelite,./extra/cities/city-satelite(5.3631_100.4667).png,city
96,41.4564,31.7986,simple,./extra/cities/city-simple(41.4564_31.7986).png,city
97,41.4564,31.7986,satelite,./extra/cities/city-satelite(41.4564_31.7986).png,city
98,61.25,46.6333,simple,./extra/cities/city-simple(61.25_46.6333).png,city
99,61.25,46.6333,satelite,./extra/cities/city-satelite(61.25_46.6333).png,city
100,5.5,-73.4833,simple,./extra/cities/city-simple(5.5_-73.4833).png,city
101,5.5,-73.4833,satelite,./extra/cities/city-satelite(5.5_-73.4833).png,city
102,48.42,22.5611,simple,./extra/cities/city-simple(48.42_22.5611).png,city
103,48.42,22.5611,satelite,./extra/cities/city-satelite(48.42_22.5611).png,city
104,14.5138,-92.1909,simple,./extra/cities/city-simple(14.5138_-92.1909).png,city
105,14.5138,-92.1909,satelite,./extra/cities/city-satelite(14.5138_-92.1909).png,city
106,35.8676,139.9758,simple,./extra/cities/city-simple(35.8676_139.9758).png,city
107,35.8676,139.9758,satelite,./extra/cities/city-satelite(35.8676_139.9758).png,city
108,33.2415,130.5515,simple,./extra/cities/city-simple(33.2415_130.5515).png,city
109,33.2415,130.5515,satelite,./extra/cities/city-satelite(33.2415_130.5515).png,city
110,29.0856,30.9344,simple,./extra/cities/city-simple(29.0856_30.9344).png,city
111,29.0856,30.9344,satelite,./extra/cities/city-satelite(29.0856_30.9344).png,city
112,-31.0833,152.8333,simple,./extra/cities/city-simple(-31.0833_152.8333).png,city
113,-31.0833,152.8333,satelite,./extra/cities/city-satelite(-31.0833_152.8333).png,city
114,35.1268,-119.4243,simple,./extra/cities/city-simple(35.1268_-119.4243).png,city
115,35.1268,-119.4243,satelite,./extra/cities/city-satelite(35.1268_-119.4243).png,city
116,-22.6108,-43.7089,simple,./extra/cities/city-simple(-22.6108_-43.7089).png,city
117,-22.6108,-43.7089,satelite,./extra/cities/city-satelite(-22.6108_-43.7089).png,city
118,50.3931,25.735,simple,./extra/cities/city-simple(50.3931_25.735).png,city
119,50.3931,25.735,satelite,./extra/cities/city-satelite(50.3931_25.735).png,city
120,12.7333,-3.8667,simple,./extra/cities/city-simple(12.7333_-3.8667).png,city
121,12.7333,-3.8667,satelite,./extra/cities/city-satelite(12.7333_-3.8667).png,city
122,25.557,86.128,simple,./extra/cities/city-simple(25.557_86.128).png,city
123,25.557,86.128,satelite,./extra/cities/city-satelite(25.557_86.128).png,city
124,50.2167,38.1,simple,./extra/cities/city-simple(50.2167_38.1).png,city
125,50.2167,38.1,satelite,./extra/cities/city-satelite(50.2167_38.1).png,city
126,50.25,4.4167,simple,./extra/cities/city-simple(50.25_4.4167).png,city
127,50.25,4.4167,satelite,./extra/cities/city-satelite(50.25_4.4167).png,city
128,-12.28,43.7425,simple,./extra/cities/city-simple(-12.28_43.7425).png,city
129,-12.28,43.7425,satelite,./extra/cities/city-satelite(-12.28_43.7425).png,city
130,53.3333,6.9167,simple,./extra/cities/city-simple(53.3333_6.9167).png,city
131,53.3333,6.9167,satelite,./extra/cities/city-satelite(53.3333_6.9167).png,city
132,7.3283,126.5658,simple,./extra/cities/city-simple(7.3283_126.5658).png,city
133,7.3283,126.5658,satelite,./extra/cities/city-satelite(7.3283_126.5658).png,city
134,48.4667,11.9333,simple,./extra/cities/city-simple(48.4667_11.9333).png,city
135,48.4667,11.9333,satelite,./extra/cities/city-satelite(48.4667_11.9333).png,city
136,-18.6489,-48.1869,simple,./extra/cities/city-simple(-18.6489_-48.1869).png,city
137,-18.6489,-48.1869,satelite,./extra/cities/city-satelite(-18.6489_-48.1869).png,city
138,6.5383,-75.0886,simple,./extra/cities/city-simple(6.5383_-75.0886).png,city
139,6.5383,-75.0886,satelite,./extra/cities/city-satelite(6.5383_-75.0886).png,city
140,51.456,-0.301,simple,./extra/cities/city-simple(51.456_-0.301).png,city
141,51.456,-0.301,satelite,./extra/cities/city-satelite(51.456_-0.301).png,city
142,43.9089,12.4844,simple,./extra/cities/city-simple(43.9089_12.4844).png,city
143,43.9089,12.4844,satelite,./extra/cities/city-satelite(43.9089_12.4844).png,city
144,23.87,86.87,simple,./extra/cities/city-simple(23.87_86.87).png,city
145,23.87,86.87,satelite,./extra/cities/city-satelite(23.87_86.87).png,city
146,-35.3333,143.55,simple,./extra/cities/city-simple(-35.3333_143.55).png,city
147,-35.3333,143.55,satelite,./extra/cities/city-satelite(-35.3333_143.55).png,city
148,40.8812,-73.0059,simple,./extra/cities/city-simple(40.8812_-73.0059).png,city
149,40.8812,-73.0059,satelite,./extra/cities/city-satelite(40.8812_-73.0059).png,city
150,49.7564,11.545,simple,./extra/cities/city-simple(49.7564_11.545).png,city
151,49.7564,11.545,satelite,./extra/cities/city-satelite(49.7564_11.545).png,city
152,-16.7419,-48.5158,simple,./extra/cities/city-simple(-16.7419_-48.5158).png,city
153,-16.7419,-48.5158,satelite,./extra/cities/city-satelite(-16.7419_-48.5158).png,city
154,-41.4,-73.4833,simple,./extra/cities/city-simple(-41.4_-73.4833).png,city
155,-41.4,-73.4833,satelite,./extra/cities/city-satelite(-41.4_-73.4833).png,city
156,4.0833,-72.9667,simple,./extra/cities/city-simple(4.0833_-72.9667).png,city
157,4.0833,-72.9667,satelite,./extra/cities/city-satelite(4.0833_-72.9667).png,city
158,29.945,78.163,simple,./extra/cities/city-simple(29.945_78.163).png,city
159,29.945,78.163,satelite,./extra/cities/city-satelite(29.945_78.163).png,city
160,-26.2178,28.1672,simple,./extra/cities/city-simple(-26.2178_28.1672).png,city
161,-26.2178,28.1672,satelite,./extra/cities/city-satelite(-26.2178_28.1672).png,city
162,29.7169,120.2314,simple,./extra/cities/city-simple(29.7169_120.2314).png,city
163,29.7169,120.2314,satelite,./extra/cities/city-satelite(29.7169_120.2314).png,city
164,35.2477,-116.6834,simple,./extra/cities/city-simple(35.2477_-116.6834).png,city
165,35.2477,-116.6834,satelite,./extra/cities/city-satelite(35.2477_-116.6834).png,city
166,-18.7833,48.675,simple,./extra/cities/city-simple(-18.7833_48.675).png,city
167,-18.7833,48.675,satelite,./extra/cities/city-satelite(-18.7833_48.675).png,city
168,20.0708,-89.0506,simple,./extra/cities/city-simple(20.0708_-89.0506).png,city
169,20.0708,-89.0506,satelite,./extra/cities/city-satelite(20.0708_-89.0506).png,city
170,-12.3833,16.9333,simple,./extra/cities/city-simple(-12.3833_16.9333).png,city
171,-12.3833,16.9333,satelite,./extra/cities/city-satelite(-12.3833_16.9333).png,city
172,27.0444,-82.4155,simple,./extra/cities/city-simple(27.0444_-82.4155).png,city
173,27.0444,-82.4155,satelite,./extra/cities/city-satelite(27.0444_-82.4155).png,city
174,11.931,75.572,simple,./extra/cities/city-simple(11.931_75.572).png,city
175,11.931,75.572,satelite,./extra/cities/city-satelite(11.931_75.572).png,city
176,38.1097,-0.7894,simple,./extra/cities/city-simple(38.1097_-0.7894).png,city
177,38.1097,-0.7894,satelite,./extra/cities/city-satelite(38.1097_-0.7894).png,city
178,21.2,-97.7331,simple,./extra/cities/city-simple(21.2_-97.7331).png,city
179,21.2,-97.7331,satelite,./extra/cities/city-satelite(21.2_-97.7331).png,city
180,-21.2,47.25,simple,./extra/cities/city-simple(-21.2_47.25).png,city
181,-21.2,47.25,satelite,./extra/cities/city-satelite(-21.2_47.25).png,city
182,49.5692,8.1681,simple,./extra/cities/city-simple(49.5692_8.1681).png,city
183,49.5692,8.1681,satelite,./extra/cities/city-satelite(49.5692_8.1681).png,city
184,39.2681,-9.1553,simple,./extra/cities/city-simple(39.2681_-9.1553).png,city
185,39.2681,-9.1553,satelite,./extra/cities/city-satelite(39.2681_-9.1553).png,city
186,16.9872,121.8272,simple,./extra/cities/city-simple(16.9872_121.8272).png,city
187,16.9872,121.8272,satelite,./extra/cities/city-satelite(16.9872_121.8272).png,city
188,38.4133,67.9572,simple,./extra/cities/city-simple(38.4133_67.9572).png,city
189,38.4133,67.9572,satelite,./extra/cities/city-satelite(38.4133_67.9572).png,city
190,16.48,74.78,simple,./extra/cities/city-simple(16.48_74.78).png,city
191,16.48,74.78,satelite,./extra/cities/city-satelite(16.48_74.78).png,city
192,16.16,100.5967,simple,./extra/cities/city-simple(16.16_100.5967).png,city
193,16.16,100.5967,satelite,./extra/cities/city-satelite(16.16_100.5967).png,city
194,-4.9739,-38.6389,simple,./extra/cities/city-simple(-4.9739_-38.6389).png,city
195,-4.9739,-38.6389,satelite,./extra/cities/city-satelite(-4.9739_-38.6389).png,city
196,41.2,-8.3333,simple,./extra/cities/city-simple(41.2_-8.3333).png,city
197,41.2,-8.3333,satelite,./extra/cities/city-satelite(41.2_-8.3333).png,city
198,59.3617,5.5428,simple,./extra/cities/city-simple(59.3617_5.5428).png,city
199,59.3617,5.5428,satelite,./extra/cities/city-satelite(59.3617_5.5428).png,city
200,35.85,8.6333,simple,./extra/cities/city-simple(35.85_8.6333).png,city
201,35.85,8.6333,satelite,./extra/cities/city-satelite(35.85_8.6333).png,city
202,8.2233,-75.4817,simple,./extra/cities/city-simple(8.2233_-75.4817).png,city
203,8.2233,-75.4817,satelite,./extra/cities/city-satelite(8.2233_-75.4817).png,city
204,14.0939,-11.2669,simple,./extra/cities/city-simple(14.0939_-11.2669).png,city
205,14.0939,-11.2669,satelite,./extra/cities/city-satelite(14.0939_-11.2669).png,city
206,16.8454,81.4966,simple,./extra/cities/city-simple(16.8454_81.4966).png,city
207,16.8454,81.4966,satelite,./extra/cities/city-satelite(16.8454_81.4966).png,city
208,17.2,80.55,simple,./extra/cities/city-simple(17.2_80.55).png,city
209,17.2,80.55,satelite,./extra/cities/city-satelite(17.2_80.55).png,city
210,41.8167,12.6833,simple,./extra/cities/city-simple(41.8167_12.6833).png,city
211,41.8167,12.6833,satelite,./extra/cities/city-satelite(41.8167_12.6833).png,city
212,25.1021,86.6902,simple,./extra/cities/city-simple(25.1021_86.6902).png,city
213,25.1021,86.6902,satelite,./extra/cities/city-satelite(25.1021_86.6902).png,city
214,37.943,23.6469,simple,./extra/cities/city-simple(37.943_23.6469).png,city
215,37.943,23.6469,satelite,./extra/cities/city-satelite(37.943_23.6469).png,city
216,50.25,28.6667,simple,./extra/cities/city-simple(50.25_28.6667).png,city
217,50.25,28.6667,satelite,./extra/cities/city-satelite(50.25_28.6667).png,city
218,39.6011,26.4047,simple,./extra/cities/city-simple(39.6011_26.4047).png,city
219,39.6011,26.4047,satelite,./extra/cities/city-satelite(39.6011_26.4047).png,city
220,-5.45,105.2667,simple,./extra/cities/city-simple(-5.45_105.2667).png,city
221,-5.45,105.2667,satelite,./extra/cities/city-satelite(-5.45_105.2667).png,city
222,28.1278,82.2956,simple,./extra/cities/city-simple(28.1278_82.2956).png,city
223,28.1278,82.2956,satelite,./extra/cities/city-satelite(28.1278_82.2956).png,city
224,38.3736,34.7347,simple,./extra/cities/city-simple(38.3736_34.7347).png,city
225,38.3736,34.7347,satelite,./extra/cities/city-satelite(38.3736_34.7347).png,city
226,30.3544,-97.9864,simple,./extra/cities/city-simple(30.3544_-97.9864).png,city
227,30.3544,-97.9864,satelite,./extra/cities/city-satelite(30.3544_-97.9864).png,city
228,40.0747,68.1683,simple,./extra/cities/city-simple(40.0747_68.1683).png,city
229,40.0747,68.1683,satelite,./extra/cities/city-satelite(40.0747_68.1683).png,city
230,41.1119,-73.8121,simple,./extra/cities/city-simple(41.1119_-73.8121).png,city
231,41.1119,-73.8121,satelite,./extra/cities/city-satelite(41.1119_-73.8121).png,city
232,14.6796,101.3976,simple,./extra/cities/city-simple(14.6796_101.3976).png,city
233,14.6796,101.3976,satelite,./extra/cities/city-satelite(14.6796_101.3976).png,city
234,43.6103,1.4986,simple,./extra/cities/city-simple(43.6103_1.4986).png,city
235,43.6103,1.4986,satelite,./extra/cities/city-satelite(43.6103_1.4986).png,city
236,36.6833,-5.45,simple,./extra/cities/city-simple(36.6833_-5.45).png,city
237,36.6833,-5.45,satelite,./extra/cities/city-satelite(36.6833_-5.45).png,city
238,38.737,-77.2339,simple,./extra/cities/city-simple(38.737_-77.2339).png,city
239,38.737,-77.2339,satelite,./extra/cities/city-satelite(38.737_-77.2339).png,city
240,35.6608,138.5158,simple,./extra/cities/city-simple(35.6608_138.5158).png,city
241,35.6608,138.5158,satelite,./extra/cities/city-satelite(35.6608_138.5158).png,city
242,40.3991,-86.8593,simple,./extra/cities/city-simple(40.3991_-86.8593).png,city
243,40.3991,-86.8593,satelite,./extra/cities/city-satelite(40.3991_-86.8593).png,city
244,22.9575,-82.5964,simple,./extra/cities/city-simple(22.9575_-82.5964).png,city
245,22.9575,-82.5964,satelite,./extra/cities/city-satelite(22.9575_-82.5964).png,city
246,-11.0128,-66.0572,simple,./extra/cities/city-simple(-11.0128_-66.0572).png,city
247,-11.0128,-66.0572,satelite,./extra/cities/city-satelite(-11.0128_-66.0572).png,city
248,16.92,81.67,simple,./extra/cities/city-simple(16.92_81.67).png,city
249,16.92,81.67,satelite,./extra/cities/city-satelite(16.92_81.67).png,city
250,57.1333,35.4833,simple,./extra/cities/city-simple(57.1333_35.4833).png,city
251,57.1333,35.4833,satelite,./extra/cities/city-satelite(57.1333_35.4833).png,city
252,-18.5658,-41.2328,simple,./extra/cities/city-simple(-18.5658_-41.2328).png,city
253,-18.5658,-41.2328,satelite,./extra/cities/city-satelite(-18.5658_-41.2328).png,city
254,-25.1833,45.7667,simple,./extra/cities/city-simple(-25.1833_45.7667).png,city
255,-25.1833,45.7667,satelite,./extra/cities/city-satelite(-25.1833_45.7667).png,city
256,42.1778,-71.0539,simple,./extra/cities/city-simple(42.1778_-71.0539).png,city
257,42.1778,-71.0539,satelite,./extra/cities/city-satelite(42.1778_-71.0539).png,city
258,51.401,-0.363,simple,./extra/cities/city-simple(51.401_-0.363).png,city
259,51.401,-0.363,satelite,./extra/cities/city-satelite(51.401_-0.363).png,city
260,-26.8667,26.6667,simple,./extra/cities/city-simple(-26.8667_26.6667).png,city
261,-26.8667,26.6667,satelite,./extra/cities/city-satelite(-26.8667_26.6667).png,city
262,38.7797,-0.4361,simple,./extra/cities/city-simple(38.7797_-0.4361).png,city
263,38.7797,-0.4361,satelite,./extra/cities/city-satelite(38.7797_-0.4361).png,city
264,51.6933,-4.9458,simple,./extra/cities/city-simple(51.6933_-4.9458).png,city
265,51.6933,-4.9458,satelite,./extra/cities/city-satelite(51.6933_-4.9458).png,city
266,38.981,-77.0028,simple,./extra/cities/city-simple(38.981_-77.0028).png,city
267,38.981,-77.0028,satelite,./extra/cities/city-satelite(38.981_-77.0028).png,city
268,51.6494,17.8164,simple,./extra/cities/city-simple(51.6494_17.8164).png,city
269,51.6494,17.8164,satelite,./extra/cities/city-satelite(51.6494_17.8164).png,city
270,44.8386,-0.6436,simple,./extra/cities/city-simple(44.8386_-0.6436).png,city
271,44.8386,-0.6436,satelite,./extra/cities/city-satelite(44.8386_-0.6436).png,city
272,47.7564,-122.3426,simple,./extra/cities/city-simple(47.7564_-122.3426).png,city
273,47.7564,-122.3426,satelite,./extra/cities/city-satelite(47.7564_-122.3426).png,city
274,47.8167,24.4333,simple,./extra/cities/city-simple(47.8167_24.4333).png,city
275,47.8167,24.4333,satelite,./extra/cities/city-satelite(47.8167_24.4333).png,city
276,33.5992,131.1906,simple,./extra/cities/city-simple(33.5992_131.1906).png,city
277,33.5992,131.1906,satelite,./extra/cities/city-satelite(33.5992_131.1906).png,city
278,51.6167,12.3167,simple,./extra/cities/city-simple(51.6167_12.3167).png,city
279,51.6167,12.3167,satelite,./extra/cities/city-satelite(51.6167_12.3167).png,city
280,17.4716,78.087,simple,./extra/cities/city-simple(17.4716_78.087).png,city
281,17.4716,78.087,satelite,./extra/cities/city-satelite(17.4716_78.087).png,city
282,33.4878,48.3558,simple,./extra/cities/city-simple(33.4878_48.3558).png,city
283,33.4878,48.3558,satelite,./extra/cities/city-satelite(33.4878_48.3558).png,city
284,32.959,-96.8355,simple,./extra/cities/city-simple(32.959_-96.8355).png,city
285,32.959,-96.8355,satelite,./extra/cities/city-satelite(32.959_-96.8355).png,city
286,37.6306,114.4857,simple,./extra/cities/city-simple(37.6306_114.4857).png,city
287,37.6306,114.4857,satelite,./extra/cities/city-satelite(37.6306_114.4857).png,city
288,48.3058,14.2864,simple,./extra/cities/city-simple(48.3058_14.2864).png,city
289,48.3058,14.2864,satelite,./extra/cities/city-satelite(48.3058_14.2864).png,city
290,54.972,-1.513,simple,./extra/cities/city-simple(54.972_-1.513).png,city
291,54.972,-1.513,satelite,./extra/cities/city-satelite(54.972_-1.513).png,city
292,43.5708,104.425,simple,./extra/cities/city-simple(43.5708_104.425).png,city
293,43.5708,104.425,satelite,./extra/cities/city-satelite(43.5708_104.425).png,city
294,16.64,81.98,simple,./extra/cities/city-simple(16.64_81.98).png,city
295,16.64,81.98,satelite,./extra/cities/city-satelite(16.64_81.98).png,city
296,45.7034,13.8706,simple,./extra/cities/city-simple(45.7034_13.8706).png,city
297,45.7034,13.8706,satelite,./extra/cities/city-satelite(45.7034_13.8706).png,city
298,50.1,118.0333,simple,./extra/cities/city-simple(50.1_118.0333).png,city
299,50.1,118.0333,satelite,./extra/cities/city-satelite(50.1_118.0333).png,city
300,43.7417,-79.3733,simple,./extra/cities/city-simple(43.7417_-79.3733).png,city
301,43.7417,-79.3733,satelite,./extra/cities/city-satelite(43.7417_-79.3733).png,city
302,32.8289,129.8486,simple,./extra/cities/city-simple(32.8289_129.8486).png,city
303,32.8289,129.8486,satelite,./extra/cities/city-satelite(32.8289_129.8486).png,city
304,24.658,87.9794,simple,./extra/cities/city-simple(24.658_87.9794).png,city
305,24.658,87.9794,satelite,./extra/cities/city-satelite(24.658_87.9794).png,city
306,-19.8008,-41.7128,simple,./extra/cities/city-simple(-19.8008_-41.7128).png,city
307,-19.8008,-41.7128,satelite,./extra/cities/city-satelite(-19.8008_-41.7128).png,city
308,-6.2667,106.4667,simple,./extra/cities/city-simple(-6.2667_106.4667).png,city
309,-6.2667,106.4667,satelite,./extra/cities/city-satelite(-6.2667_106.4667).png,city
310,25.5231,84.5575,simple,./extra/cities/city-simple(25.5231_84.5575).png,city
311,25.5231,84.5575,satelite,./extra/cities/city-satelite(25.5231_84.5575).png,city
312,20.042,74.489,simple,./extra/cities/city-simple(20.042_74.489).png,city
313,20.042,74.489,satelite,./extra/cities/city-satelite(20.042_74.489).png,city
314,35.2606,-0.5675,simple,./extra/cities/city-simple(35.2606_-0.5675).png,city
315,35.2606,-0.5675,satelite,./extra/cities/city-satelite(35.2606_-0.5675).png,city
316,52.55,103.9,simple,./extra/cities/city-simple(52.55_103.9).png,city
317,52.55,103.9,satelite,./extra/cities/city-satelite(52.55_103.9).png,city
318,23.4718,99.8336,simple,./extra/cities/city-simple(23.4718_99.8336).png,city
319,23.4718,99.8336,satelite,./extra/cities/city-satelite(23.4718_99.8336).png,city
320,41.2399,-81.4408,simple,./extra/cities/city-simple(41.2399_-81.4408).png,city
321,41.2399,-81.4408,satelite,./extra/cities/city-satelite(41.2399_-81.4408).png,city
322,-13.2858,-40.9508,simple,./extra/cities/city-simple(-13.2858_-40.9508).png,city
323,-13.2858,-40.9508,satelite,./extra/cities/city-satelite(-13.2858_-40.9508).png,city
324,-16.9333,49.4833,simple,./extra/cities/city-simple(-16.9333_49.4833).png,city
325,-16.9333,49.4833,satelite,./extra/cities/city-satelite(-16.9333_49.4833).png,city
326,16.5032,81.2877,simple,./extra/cities/city-simple(16.5032_81.2877).png,city
327,16.5032,81.2877,satelite,./extra/cities/city-satelite(16.5032_81.2877).png,city
328,36.3619,119.1072,simple,./extra/cities/city-simple(36.3619_119.1072).png,city
329,36.3619,119.1072,satelite,./extra/cities/city-satelite(36.3619_119.1072).png,city
330,-33.5917,26.8875,simple,./extra/cities/city-simple(-33.5917_26.8875).png,city
331,-33.5917,26.8875,satelite,./extra/cities/city-satelite(-33.5917_26.8875).png,city
332,40.5926,-74.3148,simple,./extra/cities/city-simple(40.5926_-74.3148).png,city
333,40.5926,-74.3148,satelite,./extra/cities/city-satelite(40.5926_-74.3148).png,city
334,-18.9315,27.807,simple,./extra/cities/city-simple(-18.9315_27.807).png,city
335,-18.9315,27.807,satelite,./extra/cities/city-satelite(-18.9315_27.807).png,city
336,41.9798,-71.8735,simple,./extra/cities/city-simple(41.9798_-71.8735).png,city
337,41.9798,-71.8735,satelite,./extra/cities/city-satelite(41.9798_-71.8735).png,city
338,50.8519,3.2861,simple,./extra/cities/city-simple(50.8519_3.2861).png,city
339,50.8519,3.2861,satelite,./extra/cities/city-satelite(50.8519_3.2861).png,city
340,40.9505,-75.9725,simple,./extra/cities/city-simple(40.9505_-75.9725).png,city
341,40.9505,-75.9725,satelite,./extra/cities/city-satelite(40.9505_-75.9725).png,city
342,-19.9858,-43.8469,simple,./extra/cities/city-simple(-19.9858_-43.8469).png,city
343,-19.9858,-43.8469,satelite,./extra/cities/city-satelite(-19.9858_-43.8469).png,city
344,-28.3308,-49.035,simple,./extra/cities/city-simple(-28.3308_-49.035).png,city
345,-28.3308,-49.035,satelite,./extra/cities/city-satelite(-28.3308_-49.035).png,city
346,-18.6833,46.1,simple,./extra/cities/city-simple(-18.6833_46.1).png,city
347,-18.6833,46.1,satelite,./extra/cities/city-satelite(-18.6833_46.1).png,city
348,39.5275,115.8564,simple,./extra/cities/city-simple(39.5275_115.8564).png,city
349,39.5275,115.8564,satelite,./extra/cities/city-satelite(39.5275_115.8564).png,city
350,-30.9,-71.2667,simple,./extra/cities/city-simple(-30.9_-71.2667).png,city
351,-30.9,-71.2667,satelite,./extra/cities/city-satelite(-30.9_-71.2667).png,city
352,31.4044,30.4164,simple,./extra/cities/city-simple(31.4044_30.4164).png,city
353,31.4044,30.4164,satelite,./extra/cities/city-satelite(31.4044_30.4164).png,city
354,44.8609,-92.6247,simple,./extra/cities/city-simple(44.8609_-92.6247).png,city
355,44.8609,-92.6247,satelite,./extra/cities/city-satelite(44.8609_-92.6247).png,city
356,34.7837,-82.4027,simple,./extra/cities/city-simple(34.7837_-82.4027).png,city
357,34.7837,-82.4027,satelite,./extra/cities/city-satelite(34.7837_-82.4027).png,city
358,59.7336,10.4289,simple,./extra/cities/city-simple(59.7336_10.4289).png,city
359,59.7336,10.4289,satelite,./extra/cities/city-satelite(59.7336_10.4289).png,city
360,50.0,8.7,simple,./extra/cities/city-simple(50.0_8.7).png,city
361,50.0,8.7,satelite,./extra/cities/city-satelite(50.0_8.7).png,city
362,10.105,78.1134,simple,./extra/cities/city-simple(10.105_78.1134).png,city
363,10.105,78.1134,satelite,./extra/cities/city-satelite(10.105_78.1134).png,city
364,-7.0828,-35.835,simple,./extra/cities/city-simple(-7.0828_-35.835).png,city
365,-7.0828,-35.835,satelite,./extra/cities/city-satelite(-7.0828_-35.835).png,city
366,45.65,8.9667,simple,./extra/cities/city-simple(45.65_8.9667).png,city
367,45.65,8.9667,satelite,./extra/cities/city-satelite(45.65_8.9667).png,city
368,16.9833,100.7833,simple,./extra/cities/city-simple(16.9833_100.7833).png,city
369,16.9833,100.7833,satelite,./extra/cities/city-satelite(16.9833_100.7833).png,city
370,51.835,10.7853,simple,./extra/cities/city-simple(51.835_10.7853).png,city
371,51.835,10.7853,satelite,./extra/cities/city-satelite(51.835_10.7853).png,city
372,3.0333,101.45,simple,./extra/cities/city-simple(3.0333_101.45).png,city
373,3.0333,101.45,satelite,./extra/cities/city-satelite(3.0333_101.45).png,city
374,12.9712,79.0685,simple,./extra/cities/city-simple(12.9712_79.0685).png,city
375,12.9712,79.0685,satelite,./extra/cities/city-satelite(12.9712_79.0685).png,city
376,24.56,87.89,simple,./extra/cities/city-simple(24.56_87.89).png,city
377,24.56,87.89,satelite,./extra/cities/city-satelite(24.56_87.89).png,city
378,26.8706,90.4856,simple,./extra/cities/city-simple(26.8706_90.4856).png,city
379,26.8706,90.4856,satelite,./extra/cities/city-satelite(26.8706_90.4856).png,city
380,-11.6,-38.6,simple,./extra/cities/city-simple(-11.6_-38.6).png,city
381,-11.6,-38.6,satelite,./extra/cities/city-satelite(-11.6_-38.6).png,city
382,49.3011,2.6036,simple,./extra/cities/city-simple(49.3011_2.6036).png,city
383,49.3011,2.6036,satelite,./extra/cities/city-satelite(49.3011_2.6036).png,city
384,48.05,30.85,simple,./extra/cities/city-simple(48.05_30.85).png,city
385,48.05,30.85,satelite,./extra/cities/city-satelite(48.05_30.85).png,city
386,9.8333,124.0333,simple,./extra/cities/city-simple(9.8333_124.0333).png,city
387,9.8333,124.0333,satelite,./extra/cities/city-satelite(9.8333_124.0333).png,city
388,35.1739,138.9068,simple,./extra/cities/city-simple(35.1739_138.9068).png,city
389,35.1739,138.9068,satelite,./extra/cities/city-satelite(35.1739_138.9068).png,city
390,-41.8667,-73.8333,simple,./extra/cities/city-simple(-41.8667_-73.8333).png,city
391,-41.8667,-73.8333,satelite,./extra/cities/city-satelite(-41.8667_-73.8333).png,city
392,-13.5833,49.7833,simple,./extra/cities/city-simple(-13.5833_49.7833).png,city
393,-13.5833,49.7833,satelite,./extra/cities/city-satelite(-13.5833_49.7833).png,city
394,41.4642,15.5461,simple,./extra/cities/city-simple(41.4642_15.5461).png,city
395,41.4642,15.5461,satelite,./extra/cities/city-satelite(41.4642_15.5461).png,city
396,39.4149,-86.4316,simple,./extra/cities/city-simple(39.4149_-86.4316).png,city
397,39.4149,-86.4316,satelite,./extra/cities/city-satelite(39.4149_-86.4316).png,city
398,-5.8167,13.4833,simple,./extra/cities/city-simple(-5.8167_13.4833).png,city
399,-5.8167,13.4833,satelite,./extra/cities/city-satelite(-5.8167_13.4833).png,city
400,45.6517,15.32,simple,./extra/cities/city-simple(45.6517_15.32).png,city
401,45.6517,15.32,satelite,./extra/cities/city-satelite(45.6517_15.32).png,city
402,15.7562,76.1911,simple,./extra/cities/city-simple(15.7562_76.1911).png,city
403,15.7562,76.1911,satelite,./extra/cities/city-satelite(15.7562_76.1911).png,city
404,50.0781,25.1542,simple,./extra/cities/city-simple(50.0781_25.1542).png,city
405,50.0781,25.1542,satelite,./extra/cities/city-satelite(50.0781_25.1542).png,city
406,-6.3439,-37.7469,simple,./extra/cities/city-simple(-6.3439_-37.7469).png,city
407,-6.3439,-37.7469,satelite,./extra/cities/city-satelite(-6.3439_-37.7469).png,city
408,38.3956,34.3456,simple,./extra/cities/city-simple(38.3956_34.3456).png,city
409,38.3956,34.3456,satelite,./extra/cities/city-satelite(38.3956_34.3456).png,city
410,35.7378,51.9117,simple,./extra/cities/city-simple(35.7378_51.9117).png,city
411,35.7378,51.9117,satelite,./extra/cities/city-satelite(35.7378_51.9117).png,city
412,14.715,75.48,simple,./extra/cities/city-simple(14.715_75.48).png,city
413,14.715,75.48,satelite,./extra/cities/city-satelite(14.715_75.48).png,city
414,51.76,-0.56,simple,./extra/cities/city-simple(51.76_-0.56).png,city
415,51.76,-0.56,satelite,./extra/cities/city-satelite(51.76_-0.56).png,city
416,46.6941,-92.0823,simple,./extra/cities/city-simple(46.6941_-92.0823).png,city
417,46.6941,-92.0823,satelite,./extra/cities/city-satelite(46.6941_-92.0823).png,city
418,-5.135,-49.3269,simple,./extra/cities/city-simple(-5.135_-49.3269).png,city
419,-5.135,-49.3269,satelite,./extra/cities/city-satelite(-5.135_-49.3269).png,city
420,-15.95,45.9333,simple,./extra/cities/city-simple(-15.95_45.9333).png,city
421,-15.95,45.9333,satelite,./extra/cities/city-satelite(-15.95_45.9333).png,city
422,-1.7028,-45.1339,simple,./extra/cities/city-simple(-1.7028_-45.1339).png,city
423,-1.7028,-45.1339,satelite,./extra/cities/city-satelite(-1.7028_-45.1339).png,city
424,15.1788,102.2514,simple,./extra/cities/city-simple(15.1788_102.2514).png,city
425,15.1788,102.2514,satelite,./extra/cities/city-satelite(15.1788_102.2514).png,city
426,33.0655,-7.2464,simple,./extra/cities/city-simple(33.0655_-7.2464).png,city
427,33.0655,-7.2464,satelite,./extra/cities/city-satelite(33.0655_-7.2464).png,city
428,29.838,79.771,simple,./extra/cities/city-simple(29.838_79.771).png,city
429,29.838,79.771,satelite,./extra/cities/city-satelite(29.838_79.771).png,city
430,51.0889,3.7131,simple,./extra/cities/city-simple(51.0889_3.7131).png,city
431,51.0889,3.7131,satelite,./extra/cities/city-satelite(51.0889_3.7131).png,city
432,-12.6128,13.1987,simple,./extra/cities/city-simple(-12.6128_13.1987).png,city
433,-12.6128,13.1987,satelite,./extra/cities/city-satelite(-12.6128_13.1987).png,city
434,41.8492,-87.8906,simple,./extra/cities/city-simple(41.8492_-87.8906).png,city
435,41.8492,-87.8906,satelite,./extra/cities/city-satelite(41.8492_-87.8906).png,city
436,-4.98,-37.155,simple,./extra/cities/city-simple(-4.98_-37.155).png,city
437,-4.98,-37.155,satelite,./extra/cities/city-satelite(-4.98_-37.155).png,city
438,27.0548,84.3336,simple,./extra/cities/city-simple(27.0548_84.3336).png,city
439,27.0548,84.3336,satelite,./extra/cities/city-satelite(27.0548_84.3336).png,city
440,48.4581,18.8964,simple,./extra/cities/city-simple(48.4581_18.8964).png,city
441,48.4581,18.8964,satelite,./extra/cities/city-satelite(48.4581_18.8964).png,city
442,-34.7972,-55.9097,simple,./extra/cities/city-simple(-34.7972_-55.9097).png,city
443,-34.7972,-55.9097,satelite,./extra/cities/city-satelite(-34.7972_-55.9097).png,city
444,40.0375,-76.2162,simple,./extra/cities/city-simple(40.0375_-76.2162).png,city
445,40.0375,-76.2162,satelite,./extra/cities/city-satelite(40.0375_-76.2162).png,city
446,5.5258,-75.4589,simple,./extra/cities/city-simple(5.5258_-75.4589).png,city
447,5.5258,-75.4589,satelite,./extra/cities/city-satelite(5.5258_-75.4589).png,city
448,47.1006,17.5522,simple,./extra/cities/city-simple(47.1006_17.5522).png,city
449,47.1006,17.5522,satelite,./extra/cities/city-satelite(47.1006_17.5522).png,city
450,18.7787,109.5117,simple,./extra/cities/city-simple(18.7787_109.5117).png,city
451,18.7787,109.5117,satelite,./extra/cities/city-satelite(18.7787_109.5117).png,city
452,-24.3239,-50.6158,simple,./extra/cities/city-simple(-24.3239_-50.6158).png,city
453,-24.3239,-50.6158,satelite,./extra/cities/city-satelite(-24.3239_-50.6158).png,city
454,25.9644,105.3376,simple,./extra/cities/city-simple(25.9644_105.3376).png,city
455,25.9644,105.3376,satelite,./extra/cities/city-satelite(25.9644_105.3376).png,city
456,-49.983,-68.91,simple,./extra/cities/city-simple(-49.983_-68.91).png,city
457,-49.983,-68.91,satelite,./extra/cities/city-satelite(-49.983_-68.91).png,city
458,30.4541,120.5545,simple,./extra/cities/city-simple(30.4541_120.5545).png,city
459,30.4541,120.5545,satelite,./extra/cities/city-satelite(30.4541_120.5545).png,city
460,16.678,80.573,simple,./extra/cities/city-simple(16.678_80.573).png,city
461,16.678,80.573,satelite,./extra/cities/city-satelite(16.678_80.573).png,city
462,35.2822,59.5197,simple,./extra/cities/city-simple(35.2822_59.5197).png,city
463,35.2822,59.5197,satelite,./extra/cities/city-satelite(35.2822_59.5197).png,city
464,41.7443,-71.3145,simple,./extra/cities/city-simple(41.7443_-71.3145).png,city
465,41.7443,-71.3145,satelite,./extra/cities/city-satelite(41.7443_-71.3145).png,city
466,-4.0278,-38.3058,simple,./extra/cities/city-simple(-4.0278_-38.3058).png,city
467,-4.0278,-38.3058,satelite,./extra/cities/city-satelite(-4.0278_-38.3058).png,city
468,30.5735,-84.2055,simple,./extra/cities/city-simple(30.5735_-84.2055).png,city
469,30.5735,-84.2055,satelite,./extra/cities/city-satelite(30.5735_-84.2055).png,city
470,53.3833,59.0333,simple,./extra/cities/city-simple(53.3833_59.0333).png,city
471,53.3833,59.0333,satelite,./extra/cities/city-satelite(53.3833_59.0333).png,city
472,35.346,-4.957,simple,./extra/cities/city-simple(35.346_-4.957).png,city
473,35.346,-4.957,satelite,./extra/cities/city-satelite(35.346_-4.957).png,city
474,48.8897,2.1573,simple,./extra/cities/city-simple(48.8897_2.1573).png,city
475,48.8897,2.1573,satelite,./extra/cities/city-satelite(48.8897_2.1573).png,city
476,-16.95,46.8333,simple,./extra/cities/city-simple(-16.95_46.8333).png,city
477,-16.95,46.8333,satelite,./extra/cities/city-satelite(-16.95_46.8333).png,city
478,34.7153,46.6533,simple,./extra/cities/city-simple(34.7153_46.6533).png,city
479,34.7153,46.6533,satelite,./extra/cities/city-satelite(34.7153_46.6533).png,city
480,30.0575,103.8381,simple,./extra/cities/city-simple(30.0575_103.8381).png,city
481,30.0575,103.8381,satelite,./extra/cities/city-satelite(30.0575_103.8381).png,city
482,14.2399,75.6474,simple,./extra/cities/city-simple(14.2399_75.6474).png,city
483,14.2399,75.6474,satelite,./extra/cities/city-satelite(14.2399_75.6474).png,city
484,19.7,-72.15,simple,./extra/cities/city-simple(19.7_-72.15).png,city
485,19.7,-72.15,satelite,./extra/cities/city-satelite(19.7_-72.15).png,city
486,44.3927,-89.8265,simple,./extra/cities/city-simple(44.3927_-89.8265).png,city
487,44.3927,-89.8265,satelite,./extra/cities/city-satelite(44.3927_-89.8265).png,city
488,-1.5,33.8,simple,./extra/cities/city-simple(-1.5_33.8).png,city
489,-1.5,33.8,satelite,./extra/cities/city-satelite(-1.5_33.8).png,city
490,41.2833,28.0,simple,./extra/cities/city-simple(41.2833_28.0).png,city
491,41.2833,28.0,satelite,./extra/cities/city-satelite(41.2833_28.0).png,city
492,59.5833,15.25,simple,./extra/cities/city-simple(59.5833_15.25).png,city
493,59.5833,15.25,satelite,./extra/cities/city-satelite(59.5833_15.25).png,city
494,45.7744,4.7775,simple,./extra/cities/city-simple(45.7744_4.7775).png,city
495,45.7744,4.7775,satelite,./extra/cities/city-satelite(45.7744_4.7775).png,city
496,29.0611,-13.5597,simple,./extra/cities/city-simple(29.0611_-13.5597).png,city
497,29.0611,-13.5597,satelite,./extra/cities/city-satelite(29.0611_-13.5597).png,city
498,51.62,0.305,simple,./extra/cities/city-simple(51.62_0.305).png,city
499,51.62,0.305,satelite,./extra/cities/city-satelite(51.62_0.305).png,city
500,8.864,77.4994,simple,./extra/cities/city-simple(8.864_77.4994).png,city
501,8.864,77.4994,satelite,./extra/cities/city-satelite(8.864_77.4994).png,city
502,23.4792,115.6918,simple,./extra/cities/city-simple(23.4792_115.6918).png,city
503,23.4792,115.6918,satelite,./extra/cities/city-satelite(23.4792_115.6918).png,city
504,-19.6189,-43.2269,simple,./extra/cities/city-simple(-19.6189_-43.2269).png,city
505,-19.6189,-43.2269,satelite,./extra/cities/city-satelite(-19.6189_-43.2269).png,city
506,53.45,7.8333,simple,./extra/cities/city-simple(53.45_7.8333).png,city
507,53.45,7.8333,satelite,./extra/cities/city-satelite(53.45_7.8333).png,city
508,45.5167,9.3667,simple,./extra/cities/city-simple(45.5167_9.3667).png,city
509,45.5167,9.3667,satelite,./extra/cities/city-satelite(45.5167_9.3667).png,city
510,-11.5289,-39.0778,simple,./extra/cities/city-simple(-11.5289_-39.0778).png,city
511,-11.5289,-39.0778,satelite,./extra/cities/city-satelite(-11.5289_-39.0778).png,city
512,29.7038,-98.6712,simple,./extra/cities/city-simple(29.7038_-98.6712).png,city
513,29.7038,-98.6712,satelite,./extra/cities/city-satelite(29.7038_-98.6712).png,city
514,41.7286,-73.9961,simple,./extra/cities/city-simple(41.7286_-73.9961).png,city
515,41.7286,-73.9961,satelite,./extra/cities/city-satelite(41.7286_-73.9961).png,city
516,37.5859,-122.3667,simple,./extra/cities/city-simple(37.5859_-122.3667).png,city
517,37.5859,-122.3667,satelite,./extra/cities/city-satelite(37.5859_-122.3667).png,city
518,36.6211,-119.3188,simple,./extra/cities/city-simple(36.6211_-119.3188).png,city
519,36.6211,-119.3188,satelite,./extra/cities/city-satelite(36.6211_-119.3188).png,city
520,6.4167,101.8167,simple,./extra/cities/city-simple(6.4167_101.8167).png,city
521,6.4167,101.8167,satelite,./extra/cities/city-satelite(6.4167_101.8167).png,city
522,38.9577,-90.2156,simple,./extra/cities/city-simple(38.9577_-90.2156).png,city
523,38.9577,-90.2156,satelite,./extra/cities/city-satelite(38.9577_-90.2156).png,city
524,35.0986,-3.8397,simple,./extra/cities/city-simple(35.0986_-3.8397).png,city
525,35.0986,-3.8397,satelite,./extra/cities/city-satelite(35.0986_-3.8397).png,city
526,18.0,-95.4,simple,./extra/cities/city-simple(18.0_-95.4).png,city
527,18.0,-95.4,satelite,./extra/cities/city-satelite(18.0_-95.4).png,city
528,34.1256,134.547,simple,./extra/cities/city-simple(34.1256_134.547).png,city
529,34.1256,134.547,satelite,./extra/cities/city-satelite(34.1256_134.547).png,city
530,26.4815,86.1876,simple,./extra/cities/city-simple(26.4815_86.1876).png,city
531,26.4815,86.1876,satelite,./extra/cities/city-satelite(26.4815_86.1876).png,city
532,25.6219,-80.3221,simple,./extra/cities/city-simple(25.6219_-80.3221).png,city
533,25.6219,-80.3221,satelite,./extra/cities/city-satelite(25.6219_-80.3221).png,city
534,34.8167,135.7667,simple,./extra/cities/city-simple(34.8167_135.7667).png,city
535,34.8167,135.7667,satelite,./extra/cities/city-satelite(34.8167_135.7667).png,city
536,31.9284,131.0079,simple,./extra/cities/city-simple(31.9284_131.0079).png,city
537,31.9284,131.0079,satelite,./extra/cities/city-satelite(31.9284_131.0079).png,city
538,41.1833,-8.5,simple,./extra/cities/city-simple(41.1833_-8.5).png,city
539,41.1833,-8.5,satelite,./extra/cities/city-satelite(41.1833_-8.5).png,city
540,33.8333,35.9167,simple,./extra/cities/city-simple(33.8333_35.9167).png,city
541,33.8333,35.9167,satelite,./extra/cities/city-satelite(33.8333_35.9167).png,city
542,50.9722,4.4222,simple,./extra/cities/city-simple(50.9722_4.4222).png,city
543,50.9722,4.4222,satelite,./extra/cities/city-satelite(50.9722_4.4222).png,city
544,31.5608,48.1831,simple,./extra/cities/city-simple(31.5608_48.1831).png,city
545,31.5608,48.1831,satelite,./extra/cities/city-satelite(31.5608_48.1831).png,city
546,39.8832,139.9886,simple,./extra/cities/city-simple(39.8832_139.9886).png,city
547,39.8832,139.9886,satelite,./extra/cities/city-satelite(39.8832_139.9886).png,city
548,6.4667,-71.7333,simple,./extra/cities/city-simple(6.4667_-71.7333).png,city
549,6.4667,-71.7333,satelite,./extra/cities/city-satelite(6.4667_-71.7333).png,city
550,18.9556,-98.9811,simple,./extra/cities/city-simple(18.9556_-98.9811).png,city
551,18.9556,-98.9811,satelite,./extra/cities/city-satelite(18.9556_-98.9811).png,city
552,32.6007,-114.6994,simple,./extra/cities/city-simple(32.6007_-114.6994).png,city
553,32.6007,-114.6994,satelite,./extra/cities/city-satelite(32.6007_-114.6994).png,city
554,49.2475,8.7239,simple,./extra/cities/city-simple(49.2475_8.7239).png,city
555,49.2475,8.7239,satelite,./extra/cities/city-satelite(49.2475_8.7239).png,city
556,40.8992,69.3425,simple,./extra/cities/city-simple(40.8992_69.3425).png,city
557,40.8992,69.3425,satelite,./extra/cities/city-satelite(40.8992_69.3425).png,city
558,33.8548,130.695,simple,./extra/cities/city-simple(33.8548_130.695).png,city
559,33.8548,130.695,satelite,./extra/cities/city-satelite(33.8548_130.695).png,city
560,39.0949,-76.8622,simple,./extra/cities/city-simple(39.0949_-76.8622).png,city
561,39.0949,-76.8622,satelite,./extra/cities/city-satelite(39.0949_-76.8622).png,city
562,37.8846,114.6523,simple,./extra/cities/city-simple(37.8846_114.6523).png,city
563,37.8846,114.6523,satelite,./extra/cities/city-satelite(37.8846_114.6523).png,city
564,7.95,124.233,simple,./extra/cities/city-simple(7.95_124.233).png,city
565,7.95,124.233,satelite,./extra/cities/city-satelite(7.95_124.233).png,city
566,55.4774,9.1379,simple,./extra/cities/city-simple(55.4774_9.1379).png,city
567,55.4774,9.1379,satelite,./extra/cities/city-satelite(55.4774_9.1379).png,city
568,14.918,-23.509,simple,./extra/cities/city-simple(14.918_-23.509).png,city
569,14.918,-23.509,satelite,./extra/cities/city-satelite(14.918_-23.509).png,city
570,41.2167,16.3,simple,./extra/cities/city-simple(41.2167_16.3).png,city
571,41.2167,16.3,satelite,./extra/cities/city-satelite(41.2167_16.3).png,city
572,-43.0992,-73.5961,simple,./extra/cities/city-simple(-43.0992_-73.5961).png,city
573,-43.0992,-73.5961,satelite,./extra/cities/city-satelite(-43.0992_-73.5961).png,city
574,-26.5375,-59.3417,simple,./extra/cities/city-simple(-26.5375_-59.3417).png,city
575,-26.5375,-59.3417,satelite,./extra/cities/city-satelite(-26.5375_-59.3417).png,city
576,59.15,18.1333,simple,./extra/cities/city-simple(59.15_18.1333).png,city
577,59.15,18.1333,satelite,./extra/cities/city-satelite(59.15_18.1333).png,city
578,6.5333,122.1667,simple,./extra/cities/city-simple(6.5333_122.1667).png,city
579,6.5333,122.1667,satelite,./extra/cities/city-satelite(6.5333_122.1667).png,city
580,-35.7667,-58.5,simple,./extra/cities/city-simple(-35.7667_-58.5).png,city
581,-35.7667,-58.5,satelite,./extra/cities/city-satelite(-35.7667_-58.5).png,city
582,51.5557,0.2512,simple,./extra/cities/city-simple(51.5557_0.2512).png,city
583,51.5557,0.2512,satelite,./extra/cities/city-satelite(51.5557_0.2512).png,city
584,30.1349,-85.5568,simple,./extra/cities/city-simple(30.1349_-85.5568).png,city
585,30.1349,-85.5568,satelite,./extra/cities/city-satelite(30.1349_-85.5568).png,city
586,26.5262,86.4101,simple,./extra/cities/city-simple(26.5262_86.4101).png,city
587,26.5262,86.4101,satelite,./extra/cities/city-satelite(26.5262_86.4101).png,city
588,22.8467,77.798,simple,./extra/cities/city-simple(22.8467_77.798).png,city
589,22.8467,77.798,satelite,./extra/cities/city-satelite(22.8467_77.798).png,city
590,39.8833,69.1833,simple,./extra/cities/city-simple(39.8833_69.1833).png,city
591,39.8833,69.1833,satelite,./extra/cities/city-satelite(39.8833_69.1833).png,city
592,63.7465,11.2987,simple,./extra/cities/city-simple(63.7465_11.2987).png,city
593,63.7465,11.2987,satelite,./extra/cities/city-satelite(63.7465_11.2987).png,city
594,11.9998,76.9594,simple,./extra/cities/city-simple(11.9998_76.9594).png,city
595,11.9998,76.9594,satelite,./extra/cities/city-satelite(11.9998_76.9594).png,city
596,34.5167,135.85,simple,./extra/cities/city-simple(34.5167_135.85).png,city
597,34.5167,135.85,satelite,./extra/cities/city-satelite(34.5167_135.85).png,city
598,5.8833,-55.0833,simple,./extra/cities/city-simple(5.8833_-55.0833).png,city
599,5.8833,-55.0833,satelite,./extra/cities/city-satelite(5.8833_-55.0833).png,city
600,26.7159,84.9424,simple,./extra/cities/city-simple(26.7159_84.9424).png,city
601,26.7159,84.9424,satelite,./extra/cities/city-satelite(26.7159_84.9424).png,city
602,39.5823,26.7394,simple,./extra/cities/city-simple(39.5823_26.7394).png,city
603,39.5823,26.7394,satelite,./extra/cities/city-satelite(39.5823_26.7394).png,city
604,34.85,-5.6167,simple,./extra/cities/city-simple(34.85_-5.6167).png,city
605,34.85,-5.6167,satelite,./extra/cities/city-satelite(34.85_-5.6167).png,city
606,35.1725,33.365,simple,./extra/cities/city-simple(35.1725_33.365).png,city
607,35.1725,33.365,satelite,./extra/cities/city-satelite(35.1725_33.365).png,city
608,39.561,115.9865,simple,./extra/cities/city-simple(39.561_115.9865).png,city
609,39.561,115.9865,satelite,./extra/cities/city-satelite(39.561_115.9865).png,city
610,45.3167,8.8667,simple,./extra/cities/city-simple(45.3167_8.8667).png,city
611,45.3167,8.8667,satelite,./extra/cities/city-satelite(45.3167_8.8667).png,city
612,9.5833,2.65,simple,./extra/cities/city-simple(9.5833_2.65).png,city
613,9.5833,2.65,satelite,./extra/cities/city-satelite(9.5833_2.65).png,city
614,26.3753,84.9986,simple,./extra/cities/city-simple(26.3753_84.9986).png,city
615,26.3753,84.9986,satelite,./extra/cities/city-satelite(26.3753_84.9986).png,city
616,41.3333,72.9333,simple,./extra/cities/city-simple(41.3333_72.9333).png,city
617,41.3333,72.9333,satelite,./extra/cities/city-satelite(41.3333_72.9333).png,city
618,52.05,4.65,simple,./extra/cities/city-simple(52.05_4.65).png,city
619,52.05,4.65,satelite,./extra/cities/city-satelite(52.05_4.65).png,city
620,41.0323,-74.4971,simple,./extra/cities/city-simple(41.0323_-74.4971).png,city
621,41.0323,-74.4971,satelite,./extra/cities/city-satelite(41.0323_-74.4971).png,city
622,50.267,-119.272,simple,./extra/cities/city-simple(50.267_-119.272).png,city
623,50.267,-119.272,satelite,./extra/cities/city-satelite(50.267_-119.272).png,city
624,55.819,-4.1671,simple,./extra/cities/city-simple(55.819_-4.1671).png,city
625,55.819,-4.1671,satelite,./extra/cities/city-satelite(55.819_-4.1671).png,city
626,39.4948,-86.0544,simple,./extra/cities/city-simple(39.4948_-86.0544).png,city
627,39.4948,-86.0544,satelite,./extra/cities/city-satelite(39.4948_-86.0544).png,city
628,-21.9833,16.9167,simple,./extra/cities/city-simple(-21.9833_16.9167).png,city
629,-21.9833,16.9167,satelite,./extra/cities/city-satelite(-21.9833_16.9167).png,city
630,25.6636,85.2703,simple,./extra/cities/city-simple(25.6636_85.2703).png,city
631,25.6636,85.2703,satelite,./extra/cities/city-satelite(25.6636_85.2703).png,city
632,52.27,4.97,simple,./extra/cities/city-simple(52.27_4.97).png,city
633,52.27,4.97,satelite,./extra/cities/city-satelite(52.27_4.97).png,city
634,-32.5658,-53.3758,simple,./extra/cities/city-simple(-32.5658_-53.3758).png,city
635,-32.5658,-53.3758,satelite,./extra/cities/city-satelite(-32.5658_-53.3758).png,city
636,-25.4333,31.95,simple,./extra/cities/city-simple(-25.4333_31.95).png,city
637,-25.4333,31.95,satelite,./extra/cities/city-satelite(-25.4333_31.95).png,city
638,45.7056,21.9258,simple,./extra/cities/city-simple(45.7056_21.9258).png,city
639,45.7056,21.9258,satelite,./extra/cities/city-satelite(45.7056_21.9258).png,city
640,33.7301,-116.941,simple,./extra/cities/city-simple(33.7301_-116.941).png,city
641,33.7301,-116.941,satelite,./extra/cities/city-satelite(33.7301_-116.941).png,city
642,26.9194,71.9208,simple,./extra/cities/city-simple(26.9194_71.9208).png,city
643,26.9194,71.9208,satelite,./extra/cities/city-satelite(26.9194_71.9208).png,city
644,2.3,111.8167,simple,./extra/cities/city-simple(2.3_111.8167).png,city
645,2.3,111.8167,satelite,./extra/cities/city-satelite(2.3_111.8167).png,city
646,43.4075,-124.2364,simple,./extra/cities/city-simple(43.4075_-124.2364).png,city
647,43.4075,-124.2364,satelite,./extra/cities/city-satelite(43.4075_-124.2364).png,city
648,11.482,78.0248,simple,./extra/cities/city-simple(11.482_78.0248).png,city
649,11.482,78.0248,satelite,./extra/cities/city-satelite(11.482_78.0248).png,city
650,12.5333,124.3333,simple,./extra/cities/city-simple(12.5333_124.3333).png,city
651,12.5333,124.3333,satelite,./extra/cities/city-satelite(12.5333_124.3333).png,city
652,-23.55,47.5,simple,./extra/cities/city-simple(-23.55_47.5).png,city
653,-23.55,47.5,satelite,./extra/cities/city-satelite(-23.55_47.5).png,city
654,31.8558,34.73,simple,./extra/cities/city-simple(31.8558_34.73).png,city
655,31.8558,34.73,satelite,./extra/cities/city-satelite(31.8558_34.73).png,city
656,-22.4569,-47.53,simple,./extra/cities/city-simple(-22.4569_-47.53).png,city
657,-22.4569,-47.53,satelite,./extra/cities/city-satelite(-22.4569_-47.53).png,city
658,52.2897,-106.6667,simple,./extra/cities/city-simple(52.2897_-106.6667).png,city
659,52.2897,-106.6667,satelite,./extra/cities/city-satelite(52.2897_-106.6667).png,city
660,37.8897,28.1575,simple,./extra/cities/city-simple(37.8897_28.1575).png,city
661,37.8897,28.1575,satelite,./extra/cities/city-satelite(37.8897_28.1575).png,city
662,26.3,74.73,simple,./extra/cities/city-simple(26.3_74.73).png,city
663,26.3,74.73,satelite,./extra/cities/city-satelite(26.3_74.73).png,city
664,38.7189,-90.4749,simple,./extra/cities/city-simple(38.7189_-90.4749).png,city
665,38.7189,-90.4749,satelite,./extra/cities/city-satelite(38.7189_-90.4749).png,city
666,25.5982,86.7178,simple,./extra/cities/city-simple(25.5982_86.7178).png,city
667,25.5982,86.7178,satelite,./extra/cities/city-satelite(25.5982_86.7178).png,city
668,35.2335,-97.3471,simple,./extra/cities/city-simple(35.2335_-97.3471).png,city
669,35.2335,-97.3471,satelite,./extra/cities/city-satelite(35.2335_-97.3471).png,city
670,13.3523,75.4517,simple,./extra/cities/city-simple(13.3523_75.4517).png,city
671,13.3523,75.4517,satelite,./extra/cities/city-satelite(13.3523_75.4517).png,city
672,45.5037,11.412,simple,./extra/cities/city-simple(45.5037_11.412).png,city
673,45.5037,11.412,satelite,./extra/cities/city-satelite(45.5037_11.412).png,city
674,44.2985,-120.8607,simple,./extra/cities/city-simple(44.2985_-120.8607).png,city
675,44.2985,-120.8607,satelite,./extra/cities/city-satelite(44.2985_-120.8607).png,city
676,34.1644,-84.8009,simple,./extra/cities/city-simple(34.1644_-84.8009).png,city
677,34.1644,-84.8009,satelite,./extra/cities/city-satelite(34.1644_-84.8009).png,city
678,11.8667,3.3833,simple,./extra/cities/city-simple(11.8667_3.3833).png,city
679,11.8667,3.3833,satelite,./extra/cities/city-satelite(11.8667_3.3833).png,city
680,-7.7219,-39.2389,simple,./extra/cities/city-simple(-7.7219_-39.2389).png,city
681,-7.7219,-39.2389,satelite,./extra/cities/city-satelite(-7.7219_-39.2389).png,city
682,20.5889,82.9729,simple,./extra/cities/city-simple(20.5889_82.9729).png,city
683,20.5889,82.9729,satelite,./extra/cities/city-satelite(20.5889_82.9729).png,city
684,45.1333,-76.1333,simple,./extra/cities/city-simple(45.1333_-76.1333).png,city
685,45.1333,-76.1333,satelite,./extra/cities/city-satelite(45.1333_-76.1333).png,city
686,44.36,8.5766,simple,./extra/cities/city-simple(44.36_8.5766).png,city
687,44.36,8.5766,satelite,./extra/cities/city-satelite(44.36_8.5766).png,city
688,41.4291,-71.4668,simple,./extra/cities/city-simple(41.4291_-71.4668).png,city
689,41.4291,-71.4668,satelite,./extra/cities/city-satelite(41.4291_-71.4668).png,city
690,7.0333,1.9167,simple,./extra/cities/city-simple(7.0333_1.9167).png,city
691,7.0333,1.9167,satelite,./extra/cities/city-satelite(7.0333_1.9167).png,city
692,49.8833,21.7833,simple,./extra/cities/city-simple(49.8833_21.7833).png,city
693,49.8833,21.7833,satelite,./extra/cities/city-satelite(49.8833_21.7833).png,city
694,37.8833,14.95,simple,./extra/cities/city-simple(37.8833_14.95).png,city
695,37.8833,14.95,satelite,./extra/cities/city-satelite(37.8833_14.95).png,city
696,21.015,12.3075,simple,./extra/cities/city-simple(21.015_12.3075).png,city
697,21.015,12.3075,satelite,./extra/cities/city-satelite(21.015_12.3075).png,city
698,49.3706,8.5847,simple,./extra/cities/city-simple(49.3706_8.5847).png,city
699,49.3706,8.5847,satelite,./extra/cities/city-satelite(49.3706_8.5847).png,city
700,38.5167,23.6333,simple,./extra/cities/city-simple(38.5167_23.6333).png,city
701,38.5167,23.6333,satelite,./extra/cities/city-satelite(38.5167_23.6333).png,city
702,52.37,7.7189,simple,./extra/cities/city-simple(52.37_7.7189).png,city
703,52.37,7.7189,satelite,./extra/cities/city-satelite(52.37_7.7189).png,city
704,32.5309,-1.965,simple,./extra/cities/city-simple(32.5309_-1.965).png,city
705,32.5309,-1.965,satelite,./extra/cities/city-satelite(32.5309_-1.965).png,city
706,23.4082,120.5343,simple,./extra/cities/city-simple(23.4082_120.5343).png,city
707,23.4082,120.5343,satelite,./extra/cities/city-satelite(23.4082_120.5343).png,city
708,16.4333,-95.0194,simple,./extra/cities/city-simple(16.4333_-95.0194).png,city
709,16.4333,-95.0194,satelite,./extra/cities/city-satelite(16.4333_-95.0194).png,city
710,40.6516,-74.3432,simple,./extra/cities/city-simple(40.6516_-74.3432).png,city
711,40.6516,-74.3432,satelite,./extra/cities/city-satelite(40.6516_-74.3432).png,city
712,31.2157,75.6218,simple,./extra/cities/city-simple(31.2157_75.6218).png,city
713,31.2157,75.6218,satelite,./extra/cities/city-satelite(31.2157_75.6218).png,city
714,19.8333,-71.0167,simple,./extra/cities/city-simple(19.8333_-71.0167).png,city
715,19.8333,-71.0167,satelite,./extra/cities/city-satelite(19.8333_-71.0167).png,city
716,48.1667,27.3167,simple,./extra/cities/city-simple(48.1667_27.3167).png,city
717,48.1667,27.3167,satelite,./extra/cities/city-satelite(48.1667_27.3167).png,city
718,-4.9,-80.6833,simple,./extra/cities/city-simple(-4.9_-80.6833).png,city
719,-4.9,-80.6833,satelite,./extra/cities/city-satelite(-4.9_-80.6833).png,city
720,38.3964,-0.5253,simple,./extra/cities/city-simple(38.3964_-0.5253).png,city
721,38.3964,-0.5253,satelite,./extra/cities/city-satelite(38.3964_-0.5253).png,city
722,-38.9558,-72.6256,simple,./extra/cities/city-simple(-38.9558_-72.6256).png,city
723,-38.9558,-72.6256,satelite,./extra/cities/city-satelite(-38.9558_-72.6256).png,city
724,-7.1333,-34.9333,simple,./extra/cities/city-simple(-7.1333_-34.9333).png,city
725,-7.1333,-34.9333,satelite,./extra/cities/city-satelite(-7.1333_-34.9333).png,city
726,6.4853,-75.0197,simple,./extra/cities/city-simple(6.4853_-75.0197).png,city
727,6.4853,-75.0197,satelite,./extra/cities/city-satelite(6.4853_-75.0197).png,city
728,49.75,6.1,simple,./extra/cities/city-simple(49.75_6.1).png,city
729,49.75,6.1,satelite,./extra/cities/city-satelite(49.75_6.1).png,city
730,51.6833,4.8667,simple,./extra/cities/city-simple(51.6833_4.8667).png,city
731,51.6833,4.8667,satelite,./extra/cities/city-satelite(51.6833_4.8667).png,city
732,-7.4733,-37.2744,simple,./extra/cities/city-simple(-7.4733_-37.2744).png,city
733,-7.4733,-37.2744,satelite,./extra/cities/city-satelite(-7.4733_-37.2744).png,city
734,4.2694,-73.4864,simple,./extra/cities/city-simple(4.2694_-73.4864).png,city
735,4.2694,-73.4864,satelite,./extra/cities/city-satelite(4.2694_-73.4864).png,city
736,13.9333,75.5667,simple,./extra/cities/city-simple(13.9333_75.5667).png,city
737,13.9333,75.5667,satelite,./extra/cities/city-satelite(13.9333_75.5667).png,city
738,-8.4046,115.5395,simple,./extra/cities/city-simple(-8.4046_115.5395).png,city
739,-8.4046,115.5395,satelite,./extra/cities/city-satelite(-8.4046_115.5395).png,city
740,22.7825,77.682,simple,./extra/cities/city-simple(22.7825_77.682).png,city
741,22.7825,77.682,satelite,./extra/cities/city-satelite(22.7825_77.682).png,city
742,4.5833,-75.9167,simple,./extra/cities/city-simple(4.5833_-75.9167).png,city
743,4.5833,-75.9167,satelite,./extra/cities/city-satelite(4.5833_-75.9167).png,city
744,18.3833,-71.85,simple,./extra/cities/city-simple(18.3833_-71.85).png,city
745,18.3833,-71.85,satelite,./extra/cities/city-satelite(18.3833_-71.85).png,city
746,48.7547,17.8308,simple,./extra/cities/city-simple(48.7547_17.8308).png,city
747,48.7547,17.8308,satelite,./extra/cities/city-satelite(48.7547_17.8308).png,city
748,34.7825,48.1186,simple,./extra/cities/city-simple(34.7825_48.1186).png,city
749,34.7825,48.1186,satelite,./extra/cities/city-satelite(34.7825_48.1186).png,city
750,-28.2928,-53.5019,simple,./extra/cities/city-simple(-28.2928_-53.5019).png,city
751,-28.2928,-53.5019,satelite,./extra/cities/city-satelite(-28.2928_-53.5019).png,city
752,14.9898,-92.1681,simple,./extra/cities/city-simple(14.9898_-92.1681).png,city
753,14.9898,-92.1681,satelite,./extra/cities/city-satelite(14.9898_-92.1681).png,city
754,-24.6333,17.9667,simple,./extra/cities/city-simple(-24.6333_17.9667).png,city
755,-24.6333,17.9667,satelite,./extra/cities/city-satelite(-24.6333_17.9667).png,city
756,29.8,72.8333,simple,./extra/cities/city-simple(29.8_72.8333).png,city
757,29.8,72.8333,satelite,./extra/cities/city-satelite(29.8_72.8333).png,city
758,11.8593,78.0217,simple,./extra/cities/city-simple(11.8593_78.0217).png,city
759,11.8593,78.0217,satelite,./extra/cities/city-satelite(11.8593_78.0217).png,city
760,14.8844,79.9107,simple,./extra/cities/city-simple(14.8844_79.9107).png,city
761,14.8844,79.9107,satelite,./extra/cities/city-satelite(14.8844_79.9107).png,city
762,-19.0475,-65.26,simple,./extra/cities/city-simple(-19.0475_-65.26).png,city
763,-19.0475,-65.26,satelite,./extra/cities/city-satelite(-19.0475_-65.26).png,city
764,19.9,-70.95,simple,./extra/cities/city-simple(19.9_-70.95).png,city
765,19.9,-70.95,satelite,./extra/cities/city-satelite(19.9_-70.95).png,city
766,53.0036,6.0664,simple,./extra/cities/city-simple(53.0036_6.0664).png,city
767,53.0036,6.0664,satelite,./extra/cities/city-satelite(53.0036_6.0664).png,city
768,39.76,67.27,simple,./extra/cities/city-simple(39.76_67.27).png,city
769,39.76,67.27,satelite,./extra/cities/city-satelite(39.76_67.27).png,city
770,24.555,9.4853,simple,./extra/cities/city-simple(24.555_9.4853).png,city
771,24.555,9.4853,satelite,./extra/cities/city-satelite(24.555_9.4853).png,city
772,-5.085,-48.4289,simple,./extra/cities/city-simple(-5.085_-48.4289).png,city
773,-5.085,-48.4289,satelite,./extra/cities/city-satelite(-5.085_-48.4289).png,city
774,40.2167,69.2167,simple,./extra/cities/city-simple(40.2167_69.2167).png,city
775,40.2167,69.2167,satelite,./extra/cities/city-satelite(40.2167_69.2167).png,city
776,40.3864,71.7864,simple,./extra/cities/city-simple(40.3864_71.7864).png,city
777,40.3864,71.7864,satelite,./extra/cities/city-satelite(40.3864_71.7864).png,city
778,40.8037,-73.1246,simple,./extra/cities/city-simple(40.8037_-73.1246).png,city
779,40.8037,-73.1246,satelite,./extra/cities/city-satelite(40.8037_-73.1246).png,city
780,50.2167,18.6833,simple,./extra/cities/city-simple(50.2167_18.6833).png,city
781,50.2167,18.6833,satelite,./extra/cities/city-satelite(50.2167_18.6833).png,city
782,49.3167,7.3333,simple,./extra/cities/city-simple(49.3167_7.3333).png,city
783,49.3167,7.3333,satelite,./extra/cities/city-satelite(49.3167_7.3333).png,city
784,-32.7469,-70.6597,simple,./extra/cities/city-simple(-32.7469_-70.6597).png,city
785,-32.7469,-70.6597,satelite,./extra/cities/city-satelite(-32.7469_-70.6597).png,city
786,45.1,19.85,simple,./extra/cities/city-simple(45.1_19.85).png,city
787,45.1,19.85,satelite,./extra/cities/city-satelite(45.1_19.85).png,city
788,46.5,6.6833,simple,./extra/cities/city-simple(46.5_6.6833).png,city
789,46.5,6.6833,satelite,./extra/cities/city-satelite(46.5_6.6833).png,city
790,45.6178,12.565,simple,./extra/cities/city-simple(45.6178_12.565).png,city
791,45.6178,12.565,satelite,./extra/cities/city-satelite(45.6178_12.565).png,city
792,-5.897,22.4488,simple,./extra/cities/city-simple(-5.897_22.4488).png,city
793,-5.897,22.4488,satelite,./extra/cities/city-satelite(-5.897_22.4488).png,city
794,33.4667,132.4167,simple,./extra/cities/city-simple(33.4667_132.4167).png,city
795,33.4667,132.4167,satelite,./extra/cities/city-satelite(33.4667_132.4167).png,city
796,35.4344,137.1307,simple,./extra/cities/city-simple(35.4344_137.1307).png,city
797,35.4344,137.1307,satelite,./extra/cities/city-satelite(35.4344_137.1307).png,city
798,39.0939,27.3767,simple,./extra/cities/city-simple(39.0939_27.3767).png,city
799,39.0939,27.3767,satelite,./extra/cities/city-satelite(39.0939_27.3767).png,city
800,36.3385,-88.8513,simple,./extra/cities/city-simple(36.3385_-88.8513).png,city
801,36.3385,-88.8513,satelite,./extra/cities/city-satelite(36.3385_-88.8513).png,city
802,17.0842,120.9008,simple,./extra/cities/city-simple(17.0842_120.9008).png,city
803,17.0842,120.9008,satelite,./extra/cities/city-satelite(17.0842_120.9008).png,city
804,33.9759,-118.0689,simple,./extra/cities/city-simple(33.9759_-118.0689).png,city
805,33.9759,-118.0689,satelite,./extra/cities/city-satelite(33.9759_-118.0689).png,city
806,37.5,14.3833,simple,./extra/cities/city-simple(37.5_14.3833).png,city
807,37.5,14.3833,satelite,./extra/cities/city-satelite(37.5_14.3833).png,city
808,22.1967,-78.9133,simple,./extra/cities/city-simple(22.1967_-78.9133).png,city
809,22.1967,-78.9133,satelite,./extra/cities/city-satelite(22.1967_-78.9133).png,city
810,-24.1578,-49.8269,simple,./extra/cities/city-simple(-24.1578_-49.8269).png,city
811,-24.1578,-49.8269,satelite,./extra/cities/city-satelite(-24.1578_-49.8269).png,city
812,10.7339,78.7184,simple,./extra/cities/city-simple(10.7339_78.7184).png,city
813,10.7339,78.7184,satelite,./extra/cities/city-satelite(10.7339_78.7184).png,city
814,40.0986,44.4681,simple,./extra/cities/city-simple(40.0986_44.4681).png,city
815,40.0986,44.4681,satelite,./extra/cities/city-satelite(40.0986_44.4681).png,city
816,-3.5242,23.5964,simple,./extra/cities/city-simple(-3.5242_23.5964).png,city
817,-3.5242,23.5964,satelite,./extra/cities/city-satelite(-3.5242_23.5964).png,city
818,26.1681,32.6561,simple,./extra/cities/city-simple(26.1681_32.6561).png,city
819,26.1681,32.6561,satelite,./extra/cities/city-satelite(26.1681_32.6561).png,city
820,11.83,32.8,simple,./extra/cities/city-simple(11.83_32.8).png,city
821,11.83,32.8,satelite,./extra/cities/city-satelite(11.83_32.8).png,city
822,25.0936,85.2176,simple,./extra/cities/city-simple(25.0936_85.2176).png,city
823,25.0936,85.2176,satelite,./extra/cities/city-satelite(25.0936_85.2176).png,city
824,11.9333,108.4667,simple,./extra/cities/city-simple(11.9333_108.4667).png,city
825,11.9333,108.4667,satelite,./extra/cities/city-satelite(11.9333_108.4667).png,city
826,-40.7833,-62.9667,simple,./extra/cities/city-simple(-40.7833_-62.9667).png,city
827,-40.7833,-62.9667,satelite,./extra/cities/city-satelite(-40.7833_-62.9667).png,city
828,25.6194,106.535,simple,./extra/cities/city-simple(25.6194_106.535).png,city
829,25.6194,106.535,satelite,./extra/cities/city-satelite(25.6194_106.535).png,city
830,48.0678,11.3739,simple,./extra/cities/city-simple(48.0678_11.3739).png,city
831,48.0678,11.3739,satelite,./extra/cities/city-satelite(48.0678_11.3739).png,city
832,29.6341,-90.6733,simple,./extra/cities/city-simple(29.6341_-90.6733).png,city
833,29.6341,-90.6733,satelite,./extra/cities/city-satelite(29.6341_-90.6733).png,city
834,51.8308,7.2783,simple,./extra/cities/city-simple(51.8308_7.2783).png,city
835,51.8308,7.2783,satelite,./extra/cities/city-satelite(51.8308_7.2783).png,city
836,36.7247,3.6153,simple,./extra/cities/city-simple(36.7247_3.6153).png,city
837,36.7247,3.6153,satelite,./extra/cities/city-satelite(36.7247_3.6153).png,city
838,14.1993,78.0102,simple,./extra/cities/city-simple(14.1993_78.0102).png,city
839,14.1993,78.0102,satelite,./extra/cities/city-satelite(14.1993_78.0102).png,city
840,41.1973,-74.4857,simple,./extra/cities/city-simple(41.1973_-74.4857).png,city
841,41.1973,-74.4857,satelite,./extra/cities/city-satelite(41.1973_-74.4857).png,city
842,15.8833,108.3333,simple,./extra/cities/city-simple(15.8833_108.3333).png,city
843,15.8833,108.3333,satelite,./extra/cities/city-satelite(15.8833_108.3333).png,city
844,35.9774,139.5932,simple,./extra/cities/city-simple(35.9774_139.5932).png,city
845,35.9774,139.5932,satelite,./extra/cities/city-satelite(35.9774_139.5932).png,city
846,45.135,27.4747,simple,./extra/cities/city-simple(45.135_27.4747).png,city
847,45.135,27.4747,satelite,./extra/cities/city-satelite(45.135_27.4747).png,city
848,26.275,86.0532,simple,./extra/cities/city-simple(26.275_86.0532).png,city
849,26.275,86.0532,satelite,./extra/cities/city-satelite(26.275_86.0532).png,city
850,42.9833,-79.2333,simple,./extra/cities/city-simple(42.9833_-79.2333).png,city
851,42.9833,-79.2333,satelite,./extra/cities/city-satelite(42.9833_-79.2333).png,city
852,55.6417,37.2042,simple,./extra/cities/city-simple(55.6417_37.2042).png,city
853,55.6417,37.2042,satelite,./extra/cities/city-satelite(55.6417_37.2042).png,city
854,46.74,-1.6083,simple,./extra/cities/city-simple(46.74_-1.6083).png,city
855,46.74,-1.6083,satelite,./extra/cities/city-satelite(46.74_-1.6083).png,city
856,42.5609,-71.1654,simple,./extra/cities/city-simple(42.5609_-71.1654).png,city
857,42.5609,-71.1654,satelite,./extra/cities/city-satelite(42.5609_-71.1654).png,city
858,19.9519,-99.5328,simple,./extra/cities/city-simple(19.9519_-99.5328).png,city
859,19.9519,-99.5328,satelite,./extra/cities/city-satelite(19.9519_-99.5328).png,city
860,-19.7833,46.7667,simple,./extra/cities/city-simple(-19.7833_46.7667).png,city
861,-19.7833,46.7667,satelite,./extra/cities/city-satelite(-19.7833_46.7667).png,city
862,25.4403,-102.1792,simple,./extra/cities/city-simple(25.4403_-102.1792).png,city
863,25.4403,-102.1792,satelite,./extra/cities/city-satelite(25.4403_-102.1792).png,city
864,-21.5869,-48.0708,simple,./extra/cities/city-simple(-21.5869_-48.0708).png,city
865,-21.5869,-48.0708,satelite,./extra/cities/city-satelite(-21.5869_-48.0708).png,city
866,-10.6708,-39.4978,simple,./extra/cities/city-simple(-10.6708_-39.4978).png,city
867,-10.6708,-39.4978,satelite,./extra/cities/city-satelite(-10.6708_-39.4978).png,city
868,51.2833,106.5167,simple,./extra/cities/city-simple(51.2833_106.5167).png,city
869,51.2833,106.5167,satelite,./extra/cities/city-satelite(51.2833_106.5167).png,city
870,48.7697,2.5228,simple,./extra/cities/city-simple(48.7697_2.5228).png,city
871,48.7697,2.5228,satelite,./extra/cities/city-satelite(48.7697_2.5228).png,city
872,47.5028,28.3667,simple,./extra/cities/city-simple(47.5028_28.3667).png,city
873,47.5028,28.3667,satelite,./extra/cities/city-satelite(47.5028_28.3667).png,city
874,10.0298,-84.3332,simple,./extra/cities/city-simple(10.0298_-84.3332).png,city
875,10.0298,-84.3332,satelite,./extra/cities/city-satelite(10.0298_-84.3332).png,city
876,50.4994,24.765,simple,./extra/cities/city-simple(50.4994_24.765).png,city
877,50.4994,24.765,satelite,./extra/cities/city-satelite(50.4994_24.765).png,city
878,16.378,80.6231,simple,./extra/cities/city-simple(16.378_80.6231).png,city
879,16.378,80.6231,satelite,./extra/cities/city-satelite(16.378_80.6231).png,city
880,16.52,76.76,simple,./extra/cities/city-simple(16.52_76.76).png,city
881,16.52,76.76,satelite,./extra/cities/city-satelite(16.52_76.76).png,city
882,52.48,78.15,simple,./extra/cities/city-simple(52.48_78.15).png,city
883,52.48,78.15,satelite,./extra/cities/city-satelite(52.48_78.15).png,city
884,40.2739,44.6256,simple,./extra/cities/city-simple(40.2739_44.6256).png,city
885,40.2739,44.6256,satelite,./extra/cities/city-satelite(40.2739_44.6256).png,city
886,-7.4478,-35.2439,simple,./extra/cities/city-simple(-7.4478_-35.2439).png,city
887,-7.4478,-35.2439,satelite,./extra/cities/city-satelite(-7.4478_-35.2439).png,city
888,45.55,9.0667,simple,./extra/cities/city-simple(45.55_9.0667).png,city
889,45.55,9.0667,satelite,./extra/cities/city-satelite(45.55_9.0667).png,city
890,38.8307,-76.7699,simple,./extra/cities/city-simple(38.8307_-76.7699).png,city
891,38.8307,-76.7699,satelite,./extra/cities/city-satelite(38.8307_-76.7699).png,city
892,28.93,79.7,simple,./extra/cities/city-simple(28.93_79.7).png,city
893,28.93,79.7,satelite,./extra/cities/city-satelite(28.93_79.7).png,city
